,lang,emergence,pcc,mva,sim
1,JavaScript,reputation distribution,0.948238021,0.992238184,0.970238103
2,JavaScript,daily posts,0.981629808,0.783433758,0.882531783
3,JavaScript,daily votes,0.966431987,0.774960486,0.870696236
4,JavaScript,question-rate,0.885888847,0.884672323,0.885280585
5,JavaScript,upvote-rate,0.910293955,0.983881311,0.947087633
6,JavaScript,daily questions,0.977702861,0.725331826,0.851517343
7,JavaScript,daily answers,0.977782152,0.853805964,0.915794058
8,JavaScript,daily upvotes,0.929653641,0.939698097,0.934675869
9,JavaScript,daily downvotes,0.877277993,0.926564974,0.901921484
10,JavaScript,fast answers,0.967406504,0.770993863,0.869200184
11,JavaScript,question distribution,0.925935338,0.796410851,0.861173094
