,lang,emergence,pcc,ava,sim
1,PHP,reputation distribution,0.924551176,0.944545898,0.934548537
2,PHP,daily posts,0.978398385,0.778695417,0.878546901
3,PHP,daily votes,0.958349756,0.777372687,0.867861221
4,PHP,question-rate,0.936087375,0.925899448,0.930993411
5,PHP,upvote-rate,0.927150014,0.98488532,0.956017667
6,PHP,daily questions,0.980369145,0.843850805,0.912109975
7,PHP,daily answers,0.973869638,0.735147467,0.854508553
8,PHP,daily upvotes,0.958978223,0.773948769,0.866463496
9,PHP,daily downvotes,0.949126937,0.795683463,0.8724052
10,PHP,fast answers,0.936820335,0.93926397,0.938042153
11,PHP,question distribution,0.821003339,0.911395982,0.866199661
