,lang,emergence,pcor,mva,sim
1,python,reputation distribution,0.73200781,0.897181066,0.814594438
2,python,daily posts,0.97537199,0.833372952,0.904372471
3,python,daily votes,0.963633452,0.776297556,0.869965504
4,python,question-rate,0.873075728,0.87771501,0.875395369
5,python,upvote-rate,0.915249485,0.983696614,0.949473049
6,python,daily questions,0.972531832,0.782680262,0.877606047
7,python,daily answers,0.957523571,0.852716646,0.905120108
8,python,daily upvotes,0.962424875,0.771805544,0.867115209
9,python,daily downvotes,0.953971251,0.810130143,0.882050697
10,python,fast answers,0.934802185,0.940837834,0.93782001
11,python,question distribution,0.862337938,0.921751942,0.89204494
