"","lang","item","sim","user-count"
"SO","PHP","rep",0.984,319
"SO1","PHP","pac",0.928,319
"SO2","PHP","vac",0.943,319
"SO3","PHP","qr",0.856,319
"SO6","PHP","ur",0.935,319
"SO8","C#","rep",0.98,354
"SO14","C#","pac",0.999,354
"SO23","C#","vac",0.92,354
"SO32","C#","qr",0.893,354
"SO41","C#","ur",0.933,354
"SO9","java","rep",0.987,471
"SO15","java","pac",0.998,471
"SO24","java","vac",0.928,471
"SO33","java","qr",0.911,471
"SO42","java","ur",0.934,471
"SO5","python","rep",0.984,454
"SO11","python","pac",0.998,454
"SO21","python","vac",0.924,454
"SO31","python","qr",0.916,454
"SO4","python","ur",0.939,454
"SO7","javascript","rep",0.976,654
"SO12","javascript","pac",0.998,654
"SO22","javascript","vac",0.938,654
"SO34","javascript","qr",0.913,654
"SO61","javascript","ur",0.939,654
