,lang,emergence,pcc,ava,sim
1,Java,reputation distribution,0.951235999,0.991190701,0.97121335
2,Java,daily posts,0.981090487,0.821616799,0.901353643
3,Java,daily votes,0.963166495,0.77395579,0.868561142
4,Java,question-rate,0.966424808,0.908398379,0.937411593
5,Java,upvote-rate,0.890975644,0.982892003,0.936933823
6,Java,daily questions,0.968145183,0.776866002,0.872505593
7,Java,daily answers,0.966163331,0.853667027,0.909915179
8,Java,daily upvotes,0.964644323,0.769499393,0.867071858
9,Java,daily downvotes,0.922077882,0.794659091,0.858368486
10,Java,fast answers,0.939347223,0.941899313,0.940623268
11,Java,question distribution,0.867260243,0.923547896,0.89540407
